10.0.0.6,1745522261,0x3120ee920bba696331638b91659aa6491ee73c3d77db6b147227d78faced01e1
10.0.0.1,1745593565,0x345e573d9fe7f07715fd82e19ac714b052f612961adb04608c4393a468fd83fc
10.0.0.1,1745593581,0xbf833eb5d9aaf4c405af374e68d699230c62d0572cc521584d2d24ca00dac224
10.0.0.1,1745593594,0x484c10eeab3b9062407c60363e57df8c7a6cb52da45662e64213a7aa2257d356
10.0.0.1,1745593604,0xb82ef45c81aa31d35b2cc4ac47c784b08653277b174f57575256adef8c060954
10.0.0.1,1745595088,0xc38f327a9f7c1f0a9b402e942201a5dd1c578c457e16418df783993c562272db
10.0.0.1,1745595103,0xcf3773b37f7ef22476fa9525a387a579e716ede0ff7ad4dc2d37cc202e2537eb
10.0.0.1,1745595116,0x616c07aadc9a4bfcf702a35803758b2ea0c300ecbff2b09b7104dafeef4e11c1
10.0.0.1,1745595126,0x82cf988ab21b437e104a859d37b4be285f1b533aed84de2cf0db8347f187689f
10.0.0.11,1745698954,0x866663adb5ee1a1df46a8f2f1e6b591a1b5e069430a5d732ab53b28aecf97855
10.0.0.5,1745699283,0x58568d745ad45d44981ef2564961aeaef26c5e8cb4c2aa80364a9255eaea0ecc
10.0.0.1,1748516005,0xb7df58ea5149a94dfca6dcb145fb312072cf37c9bceed6dfd43e08f46bbb5907
10.0.0.2,1748516144,0x3bfd6ad832651daa74549d56e2b3fc29f82dfe5827269811b705ec1197cfc46a
10.0.0.2,1748516158,0xab9f6f2d9902022e3355c1467506fc3baeec47bd5d622403df0c4e4e5a3cba91
10.0.0.2,1748516170,0x4f232d5cb3b96235c38e1bb5279388acf71d178876a78b99f2c7fec65071fccb
10.0.0.2,1748516181,0x847f901cedbeee02c86089aff3e0668b27cc07321ce5d1f42685a9545ad2b722
10.0.0.5,1748518474,0x249b1874883123294782de3d70a6c02905da83dda4e519ade98c2fd62364b60f
10.0.0.7,1748519083,0xf82fab8094d7c061ec0f028e328fb4c2bd1f3114a45ad0aa5b7583aa1e3fbc89
10.0.0.1,1748522288,0x2b1d2faccc0d78a3fa1a2725d400423b14f3b6aac1569041c7d00415c1343b2d
10.0.0.5,1748523082,0x03b528d8794d2ad46d15802e68183ffa660b30d4ae3799768731506a8707db5d
